index	seed	binding	consumed_h	min_bound_M_capture	max_bound_escape	S1_capture
0	614105602224108045	L1/N72	16	0.997965	0	0.999164
0	614105602224108045	L1/N36	4	0.996309	0	0.999160
0	614105602224108045	TS/L2	4	0.989295	0	0.997641
0	614105602224108045	HD/L2	4	0.999086	0	1.004892
1	13431973024848494695	L1/N72	16	0.998549	0	0.999792
1	13431973024848494695	L1/N36	4	0.996219	0	0.998779
1	13431973024848494695	TS/L2	4	0.997534	0	1.000884
1	13431973024848494695	HD/L2	4	1.007985	0	1.010448
2	8015593928169052856	L1/N72	16	0.999015	0	0.999676
2	8015593928169052856	L1/N36	4	0.997320	0	0.999822
2	8015593928169052856	TS/L2	4	1.000107	0	1.001557
2	8015593928169052856	HD/L2	4	0.990941	0	0.995095
3	4368982056838705008	L1/N72	16	0.998701	0	0.999573
3	4368982056838705008	L1/N36	4	0.998681	0	0.998681
3	4368982056838705008	TS/L2	4	0.990914	0	0.990914
3	4368982056838705008	HD/L2	4	1.008641	0	1.009453
4	12192592809587942193	L1/N72	16	0.995362	0	0.998718
4	12192592809587942193	L1/N36	4	0.995609	0	0.998482
4	12192592809587942193	TS/L2	4	0.996528	0	0.996528
4	12192592809587942193	HD/L2	4	0.974170	0	0.994842
5	97214863508322549	L1/N72	16	0.998675	0	0.999502
5	97214863508322549	L1/N36	4	0.999316	0	0.999316
5	97214863508322549	TS/L2	4	0.996087	0	0.996087
5	97214863508322549	HD/L2	4	1.005358	0	1.005358
6	6955956690753739111	L1/N72	16	0.984039	0	0.998502
6	6955956690753739111	L1/N36	4	0.997169	0	0.998254
6	6955956690753739111	TS/L2	4	0.995333	0	0.996837
6	6955956690753739111	HD/L2	4	0.995546	0	0.995546
7	18105131785740719551	L1/N72	16	0.999675	0	0.999675
7	18105131785740719551	L1/N36	4	0.999052	0	0.999585
7	18105131785740719551	TS/L2	4	0.999980	0	0.999980
7	18105131785740719551	HD/L2	4	1.005627	0	1.008870
8	17684696095471157875	L1/N72	16	0.993501	0	0.998828
8	17684696095471157875	L1/N36	4	0.999023	0	0.999023
8	17684696095471157875	TS/L2	4	0.996538	0	0.996538
8	17684696095471157875	HD/L2	4	0.993785	0	0.998675
9	11665294448906309688	L1/N72	16	0.999719	0	1.000032
9	11665294448906309688	L1/N36	4	0.999465	0	0.999465
9	11665294448906309688	TS/L2	4	0.997648	0	1.005180
9	11665294448906309688	HD/L2	4	1.003459	0	1.003459
10	16885114571500087964	L1/N72	16	0.991256	0	0.999734
10	16885114571500087964	L1/N36	4	0.998401	0	0.999959
10	16885114571500087964	TS/L2	4	0.996902	0	0.996902
10	16885114571500087964	HD/L2	4	0.983607	0	0.991304
11	12577501025278960659	L1/N72	16	0.999729	0	0.999729
11	12577501025278960659	L1/N36	4	0.999312	0	0.999312
11	12577501025278960659	TS/L2	4	0.998485	0	0.998485
11	12577501025278960659	HD/L2	4	0.994606	0	0.997599
