seed_index	seed	binding	consumed_h	S1_capture	min_bound_M_capture	at_h	max_bound_escape	all_bound_gates
0	23736088829194958	L1/N72	16	0.998057	0.996912	8	0.000000	1
0	23736088829194958	L1/N36	4	1.000499	0.995336	4	0.000000	1
0	23736088829194958	TS/L2	4	0.976730	0.976730	1	0.000000	1
0	23736088829194958	HD/L2	4	1.002705	0.985823	4	0.000000	1
1	314983234690735201	L1/N72	16	1.000069	0.999786	2	0.000000	1
1	314983234690735201	L1/N36	4	0.998857	0.994814	4	0.000000	1
1	314983234690735201	TS/L2	4	0.996583	0.996583	1	0.000000	1
1	314983234690735201	HD/L2	4	0.979677	0.966088	4	0.000000	1
2	9185389333842790495	L1/N72	16	0.998062	0.997792	4	0.000000	1
2	9185389333842790495	L1/N36	4	0.998715	0.997692	4	0.000000	1
2	9185389333842790495	TS/L2	4	0.985138	0.984178	2	0.000000	1
2	9185389333842790495	HD/L2	4	1.009892	0.996949	4	0.000000	1
3	2082485464272837759	L1/N72	16	0.999541	0.999070	4	0.000000	1
3	2082485464272837759	L1/N36	4	0.999418	0.999203	4	0.000000	1
3	2082485464272837759	TS/L2	4	0.989597	0.985488	2	0.000000	1
3	2082485464272837759	HD/L2	4	1.012234	1.009252	2	0.000000	1
4	8043185496620002812	L1/N72	16	0.999566	0.999209	2	0.000000	1
4	8043185496620002812	L1/N36	4	0.999408	0.998498	4	0.000000	1
4	8043185496620002812	TS/L2	4	0.999060	0.999060	1	0.000000	1
4	8043185496620002812	HD/L2	4	1.015991	0.999752	4	0.000000	1
5	10298743995255560025	L1/N72	16	0.997090	0.997090	1	0.000000	1
5	10298743995255560025	L1/N36	4	0.996856	0.996856	1	0.000000	1
5	10298743995255560025	TS/L2	4	0.991880	0.991880	1	0.000000	1
5	10298743995255560025	HD/L2	4	1.010778	1.000183	4	0.000000	1
6	2735567580835909447	L1/N72	16	0.998635	0.998635	1	0.000000	1
6	2735567580835909447	L1/N36	4	0.998535	0.998116	4	0.000000	1
6	2735567580835909447	TS/L2	4	0.998384	0.998384	1	0.000000	1
6	2735567580835909447	HD/L2	4	0.997013	0.995090	4	0.000000	1
7	17219295647349482050	L1/N72	16	0.999470	0.999470	1	0.000000	1
7	17219295647349482050	L1/N36	4	0.999337	0.999244	4	0.000000	1
7	17219295647349482050	TS/L2	4	0.992609	0.992609	1	0.000000	1
7	17219295647349482050	HD/L2	4	1.001616	1.001616	1	0.000000	1
8	6842485810361635716	L1/N72	16	0.998532	0.998532	1	0.000000	1
8	6842485810361635716	L1/N36	4	0.998393	0.998393	1	0.000000	1
8	6842485810361635716	TS/L2	4	0.994875	0.993926	2	0.000000	1
8	6842485810361635716	HD/L2	4	1.000954	0.984317	4	0.000000	1
9	15223772355772246603	L1/N72	16	0.999700	0.995817	16	0.000000	1
9	15223772355772246603	L1/N36	4	0.999095	0.998526	4	0.000000	1
9	15223772355772246603	TS/L2	4	0.999204	0.996946	4	0.000000	1
9	15223772355772246603	HD/L2	4	1.014111	1.002666	4	0.000000	1
10	6098512807412675775	L1/N72	16	0.999553	0.999553	1	0.000000	1
10	6098512807412675775	L1/N36	4	0.998464	0.998336	4	0.000000	1
10	6098512807412675775	TS/L2	4	0.995232	0.993853	4	0.000000	1
10	6098512807412675775	HD/L2	4	0.988834	0.981416	4	0.000000	1
11	1313101975958806204	L1/N72	16	0.999940	0.997432	16	0.000000	1
11	1313101975958806204	L1/N36	4	0.999756	0.999756	1	0.000000	1
11	1313101975958806204	TS/L2	4	0.981113	0.975979	4	0.000000	1
11	1313101975958806204	HD/L2	4	0.984944	0.984944	1	0.000000	1
