seed	condition	budget_index	planner_k	success	mean_final_error	forward_rows_per_replan	subgoal_tracking_nmse
23736088829194958	FLAT_N72	0	8	8.33333333333333370e-1	6.42975478401076606e-2	2.56000000000000000e2	NaN
23736088829194958	FLAT_N72	1	32	7.50000000000000000e-1	5.48506740081065522e-2	1.02400000000000000e3	NaN
23736088829194958	FLAT_N72	2	128	7.91666666666666630e-1	6.20951981213402684e-2	4.09600000000000000e3	NaN
23736088829194958	TEMPORAL_SHARED_L2	0	16	4.16666666666666685e-1	1.24166986638542351e-1	2.56000000000000000e2	5.18413295922416140e-1
23736088829194958	TEMPORAL_SHARED_L2	1	64	3.33333333333333315e-1	1.31774258364831781e-1	1.02400000000000000e3	5.22875513490667410e-1
23736088829194958	TEMPORAL_SHARED_L2	2	256	5.83333333333333370e-1	1.16145951389295135e-1	4.09600000000000000e3	5.22662431402550198e-1
23736088829194958	HIERARCHICAL_DISTINCT_L2	0	16	4.16666666666666644e-2	4.58037771344491584e-1	2.56000000000000000e2	1.81820204211148528e-1
23736088829194958	HIERARCHICAL_DISTINCT_L2	1	64	1.25000000000000000e-1	2.88097475903838218e-1	1.02400000000000000e3	1.82418474797987340e-1
23736088829194958	HIERARCHICAL_DISTINCT_L2	2	256	5.00000000000000000e-1	1.28255573922072846e-1	4.09600000000000000e3	1.84255139464363643e-1
314983234690735201	FLAT_N72	0	8	8.75000000000000000e-1	4.52563552214755513e-2	2.56000000000000000e2	NaN
314983234690735201	FLAT_N72	1	32	8.75000000000000000e-1	4.55092921419966157e-2	1.02400000000000000e3	NaN
314983234690735201	FLAT_N72	2	128	9.16666666666666630e-1	4.96953146212353522e-2	4.09600000000000000e3	NaN
314983234690735201	TEMPORAL_SHARED_L2	0	16	7.50000000000000000e-1	6.61357145002657160e-2	2.56000000000000000e2	4.37834097133525335e-1
314983234690735201	TEMPORAL_SHARED_L2	1	64	7.91666666666666630e-1	7.51408279302603482e-2	1.02400000000000000e3	4.36489488398118075e-1
314983234690735201	TEMPORAL_SHARED_L2	2	256	7.08333333333333370e-1	6.59316364475190375e-2	4.09600000000000000e3	4.36898003067737462e-1
314983234690735201	HIERARCHICAL_DISTINCT_L2	0	16	0.00000000000000000e0	7.30541188071853309e-1	2.56000000000000000e2	1.88139326874338125e-1
314983234690735201	HIERARCHICAL_DISTINCT_L2	1	64	8.33333333333333287e-2	4.33041188071853211e-1	1.02400000000000000e3	1.70435576465045674e-1
314983234690735201	HIERARCHICAL_DISTINCT_L2	2	256	2.08333333333333343e-1	2.63488401990649102e-1	4.09600000000000000e3	1.69130724453812470e-1
9185389333842790495	FLAT_N72	0	8	8.33333333333333370e-1	7.18480504479639404e-2	2.56000000000000000e2	NaN
9185389333842790495	FLAT_N72	1	32	8.75000000000000000e-1	5.24767933228075592e-2	1.02400000000000000e3	NaN
9185389333842790495	FLAT_N72	2	128	7.91666666666666630e-1	6.22530577889295125e-2	4.09600000000000000e3	NaN
9185389333842790495	TEMPORAL_SHARED_L2	0	16	7.08333333333333370e-1	7.54798039951672245e-2	2.56000000000000000e2	4.29650886600857873e-1
9185389333842790495	TEMPORAL_SHARED_L2	1	64	6.66666666666666630e-1	6.98712260532635410e-2	1.02400000000000000e3	4.31700220114974498e-1
9185389333842790495	TEMPORAL_SHARED_L2	2	256	7.08333333333333370e-1	7.24095234915870523e-2	4.09600000000000000e3	4.30291079392147890e-1
9185389333842790495	HIERARCHICAL_DISTINCT_L2	0	16	0.00000000000000000e0	7.97898750189155237e-1	2.56000000000000000e2	2.09579415740042546e-1
9185389333842790495	HIERARCHICAL_DISTINCT_L2	1	64	4.16666666666666644e-2	4.92520629746512728e-1	1.02400000000000000e3	2.04026771476187169e-1
9185389333842790495	HIERARCHICAL_DISTINCT_L2	2	256	2.08333333333333343e-1	2.02337106826724566e-1	4.09600000000000000e3	2.16420142236741914e-1
2082485464272837759	FLAT_N72	0	8	8.33333333333333370e-1	5.61644590527406382e-2	2.56000000000000000e2	NaN
2082485464272837759	FLAT_N72	1	32	8.75000000000000000e-1	4.27858083324540381e-2	1.02400000000000000e3	NaN
2082485464272837759	FLAT_N72	2	128	8.33333333333333370e-1	4.18317278035553533e-2	4.09600000000000000e3	NaN
2082485464272837759	TEMPORAL_SHARED_L2	0	16	7.08333333333333370e-1	8.88845991967788240e-2	2.56000000000000000e2	4.28766995253332173e-1
2082485464272837759	TEMPORAL_SHARED_L2	1	64	6.25000000000000000e-1	1.01420592858056713e-1	1.02400000000000000e3	4.28735753637165484e-1
2082485464272837759	TEMPORAL_SHARED_L2	2	256	6.25000000000000000e-1	9.69974529208063041e-2	4.09600000000000000e3	4.29487162379186660e-1
2082485464272837759	HIERARCHICAL_DISTINCT_L2	0	16	8.33333333333333287e-2	4.33766052334961794e-1	2.56000000000000000e2	2.20015916648928056e-1
2082485464272837759	HIERARCHICAL_DISTINCT_L2	1	64	1.66666666666666657e-1	2.56401940060933475e-1	1.02400000000000000e3	2.12413348484526532e-1
2082485464272837759	HIERARCHICAL_DISTINCT_L2	2	256	3.75000000000000000e-1	1.45505576793883512e-1	4.09600000000000000e3	2.25145715623176784e-1
8043185496620002812	FLAT_N72	0	8	8.33333333333333370e-1	4.69984306798511622e-2	2.56000000000000000e2	NaN
8043185496620002812	FLAT_N72	1	32	8.75000000000000000e-1	4.30504921563604204e-2	1.02400000000000000e3	NaN
8043185496620002812	FLAT_N72	2	128	8.75000000000000000e-1	4.04661219334758807e-2	4.09600000000000000e3	NaN
8043185496620002812	TEMPORAL_SHARED_L2	0	16	7.08333333333333370e-1	8.06307851835479789e-2	2.56000000000000000e2	4.58610123490159394e-1
8043185496620002812	TEMPORAL_SHARED_L2	1	64	6.66666666666666630e-1	8.24360115988135300e-2	1.02400000000000000e3	4.58438222283177710e-1
8043185496620002812	TEMPORAL_SHARED_L2	2	256	6.66666666666666630e-1	8.37881850406904521e-2	4.09600000000000000e3	4.56280482733969317e-1
8043185496620002812	HIERARCHICAL_DISTINCT_L2	0	16	0.00000000000000000e0	4.62605815597373127e-1	2.56000000000000000e2	1.90945245725034990e-1
8043185496620002812	HIERARCHICAL_DISTINCT_L2	1	64	1.25000000000000000e-1	2.87035097841258136e-1	1.02400000000000000e3	1.87540836525777604e-1
8043185496620002812	HIERARCHICAL_DISTINCT_L2	2	256	1.66666666666666657e-1	2.21772482264039755e-1	4.09600000000000000e3	1.97218203745379905e-1
10298743995255560025	FLAT_N72	0	8	7.91666666666666630e-1	6.46050117616355363e-2	2.56000000000000000e2	NaN
10298743995255560025	FLAT_N72	1	32	7.91666666666666630e-1	5.32878126232001689e-2	1.02400000000000000e3	NaN
10298743995255560025	FLAT_N72	2	128	5.83333333333333370e-1	8.41866872504364455e-2	4.09600000000000000e3	NaN
10298743995255560025	TEMPORAL_SHARED_L2	0	16	3.75000000000000000e-1	1.34825993246403097e-1	2.56000000000000000e2	4.88071410446062448e-1
10298743995255560025	TEMPORAL_SHARED_L2	1	64	5.41666666666666630e-1	1.20599240789248982e-1	1.02400000000000000e3	4.91565304592916530e-1
10298743995255560025	TEMPORAL_SHARED_L2	2	256	5.83333333333333370e-1	1.05351031338850765e-1	4.09600000000000000e3	4.97285649857815926e-1
10298743995255560025	HIERARCHICAL_DISTINCT_L2	0	16	0.00000000000000000e0	4.31780834544708558e-1	2.56000000000000000e2	1.89447347556579299e-1
10298743995255560025	HIERARCHICAL_DISTINCT_L2	1	64	2.08333333333333343e-1	2.26002521731283879e-1	1.02400000000000000e3	1.94695571138704254e-1
10298743995255560025	HIERARCHICAL_DISTINCT_L2	2	256	3.75000000000000000e-1	1.37298831955714101e-1	4.09600000000000000e3	2.02933154748645456e-1
2735567580835909447	FLAT_N72	0	8	8.75000000000000000e-1	4.96268440374303954e-2	2.56000000000000000e2	NaN
2735567580835909447	FLAT_N72	1	32	7.91666666666666630e-1	5.43878674663534900e-2	1.02400000000000000e3	NaN
2735567580835909447	FLAT_N72	2	128	7.91666666666666630e-1	6.31820691851391197e-2	4.09600000000000000e3	NaN
2735567580835909447	TEMPORAL_SHARED_L2	0	16	6.25000000000000000e-1	9.67154044438559568e-2	2.56000000000000000e2	4.77453683423766595e-1
2735567580835909447	TEMPORAL_SHARED_L2	1	64	6.25000000000000000e-1	8.75368309387300897e-2	1.02400000000000000e3	4.78464457229490103e-1
2735567580835909447	TEMPORAL_SHARED_L2	2	256	7.08333333333333370e-1	8.74152956777052986e-2	4.09600000000000000e3	4.78337714030727890e-1
2735567580835909447	HIERARCHICAL_DISTINCT_L2	0	16	0.00000000000000000e0	8.16914870563046791e-1	2.56000000000000000e2	1.98343551067771767e-1
2735567580835909447	HIERARCHICAL_DISTINCT_L2	1	64	0.00000000000000000e0	6.33581537229713554e-1	1.02400000000000000e3	1.83903740414147227e-1
2735567580835909447	HIERARCHICAL_DISTINCT_L2	2	256	0.00000000000000000e0	4.71914870563047095e-1	4.09600000000000000e3	1.86743067239476840e-1
17219295647349482050	FLAT_N72	0	8	8.33333333333333370e-1	5.23783894374290904e-2	2.56000000000000000e2	NaN
17219295647349482050	FLAT_N72	1	32	7.91666666666666630e-1	5.52140259904481956e-2	1.02400000000000000e3	NaN
17219295647349482050	FLAT_N72	2	128	8.33333333333333370e-1	5.13442571626131009e-2	4.09600000000000000e3	NaN
17219295647349482050	TEMPORAL_SHARED_L2	0	16	7.50000000000000000e-1	7.94129746949933102e-2	2.56000000000000000e2	4.77914935088761261e-1
17219295647349482050	TEMPORAL_SHARED_L2	1	64	7.50000000000000000e-1	6.54191728349615559e-2	1.02400000000000000e3	4.75983326049573829e-1
17219295647349482050	TEMPORAL_SHARED_L2	2	256	9.16666666666666630e-1	5.13280928882749454e-2	4.09600000000000000e3	4.78634949420395917e-1
17219295647349482050	HIERARCHICAL_DISTINCT_L2	0	16	0.00000000000000000e0	3.82786598656038535e-1	2.56000000000000000e2	1.86937312253294768e-1
17219295647349482050	HIERARCHICAL_DISTINCT_L2	1	64	3.33333333333333315e-1	1.96052040615052436e-1	1.02400000000000000e3	1.85159882046360275e-1
17219295647349482050	HIERARCHICAL_DISTINCT_L2	2	256	3.75000000000000000e-1	1.40299100731546694e-1	4.09600000000000000e3	1.94122367680048202e-1
6842485810361635716	FLAT_N72	0	8	9.16666666666666630e-1	4.24421284301554347e-2	2.56000000000000000e2	NaN
6842485810361635716	FLAT_N72	1	32	8.33333333333333370e-1	4.11608892059571532e-2	1.02400000000000000e3	NaN
6842485810361635716	FLAT_N72	2	128	9.16666666666666630e-1	4.63537926423662483e-2	4.09600000000000000e3	NaN
6842485810361635716	TEMPORAL_SHARED_L2	0	16	7.91666666666666630e-1	6.30321764918764099e-2	2.56000000000000000e2	4.87448242730336379e-1
6842485810361635716	TEMPORAL_SHARED_L2	1	64	5.41666666666666630e-1	9.65587416362915785e-2	1.02400000000000000e3	4.88992422358761392e-1
6842485810361635716	TEMPORAL_SHARED_L2	2	256	7.50000000000000000e-1	5.73916520049257417e-2	4.09600000000000000e3	4.89193084858482674e-1
6842485810361635716	HIERARCHICAL_DISTINCT_L2	0	16	0.00000000000000000e0	6.55432898948001719e-1	2.56000000000000000e2	2.15276358423611175e-1
6842485810361635716	HIERARCHICAL_DISTINCT_L2	1	64	4.16666666666666644e-2	3.95161141986251796e-1	1.02400000000000000e3	1.83927132534071669e-1
6842485810361635716	HIERARCHICAL_DISTINCT_L2	2	256	8.33333333333333287e-2	2.95614839979061850e-1	4.09600000000000000e3	1.99691596590176212e-1
15223772355772246603	FLAT_N72	0	8	7.50000000000000000e-1	6.96925787020756110e-2	2.56000000000000000e2	NaN
15223772355772246603	FLAT_N72	1	32	7.91666666666666630e-1	5.41885262945756910e-2	1.02400000000000000e3	NaN
15223772355772246603	FLAT_N72	2	128	9.16666666666666630e-1	4.63112870068124738e-2	4.09600000000000000e3	NaN
15223772355772246603	TEMPORAL_SHARED_L2	0	16	5.00000000000000000e-1	1.18048786328600760e-1	2.56000000000000000e2	4.71095332918797016e-1
15223772355772246603	TEMPORAL_SHARED_L2	1	64	7.08333333333333370e-1	8.25671169231460139e-2	1.02400000000000000e3	4.73341562624805701e-1
15223772355772246603	TEMPORAL_SHARED_L2	2	256	6.66666666666666630e-1	9.31638798797178175e-2	4.09600000000000000e3	4.70528492037121271e-1
15223772355772246603	HIERARCHICAL_DISTINCT_L2	0	16	4.16666666666666644e-2	4.62793044719826019e-1	2.56000000000000000e2	2.05758596907219787e-1
15223772355772246603	HIERARCHICAL_DISTINCT_L2	1	64	2.08333333333333343e-1	2.15953532484147503e-1	1.02400000000000000e3	1.97707501860163504e-1
15223772355772246603	HIERARCHICAL_DISTINCT_L2	2	256	3.33333333333333315e-1	1.48565052315508234e-1	4.09600000000000000e3	2.10047870813821730e-1
6098512807412675775	FLAT_N72	0	8	9.16666666666666630e-1	3.78980156144487698e-2	2.56000000000000000e2	NaN
6098512807412675775	FLAT_N72	1	32	8.33333333333333370e-1	6.33018407936568051e-2	1.02400000000000000e3	NaN
6098512807412675775	FLAT_N72	2	128	9.16666666666666630e-1	5.04327187036936256e-2	4.09600000000000000e3	NaN
6098512807412675775	TEMPORAL_SHARED_L2	0	16	7.08333333333333370e-1	8.46257680000393336e-2	2.56000000000000000e2	5.44466130707141116e-1
6098512807412675775	TEMPORAL_SHARED_L2	1	64	7.91666666666666630e-1	5.36810196536637099e-2	1.02400000000000000e3	5.43263491337953042e-1
6098512807412675775	TEMPORAL_SHARED_L2	2	256	8.33333333333333370e-1	5.95504214539293100e-2	4.09600000000000000e3	5.47760228983961261e-1
6098512807412675775	HIERARCHICAL_DISTINCT_L2	0	16	0.00000000000000000e0	6.42024411327874911e-1	2.56000000000000000e2	1.77405741408184353e-1
6098512807412675775	HIERARCHICAL_DISTINCT_L2	1	64	0.00000000000000000e0	4.61191077994541676e-1	1.02400000000000000e3	1.75693637871991798e-1
6098512807412675775	HIERARCHICAL_DISTINCT_L2	2	256	0.00000000000000000e0	3.67857744661208408e-1	4.09600000000000000e3	1.72535506055930515e-1
1313101975958806204	FLAT_N72	0	8	9.58333333333333370e-1	4.11655417511170019e-2	2.56000000000000000e2	NaN
1313101975958806204	FLAT_N72	1	32	9.58333333333333370e-1	3.85232716547164664e-2	1.02400000000000000e3	NaN
1313101975958806204	FLAT_N72	2	128	9.16666666666666630e-1	3.59777998048720002e-2	4.09600000000000000e3	NaN
1313101975958806204	TEMPORAL_SHARED_L2	0	16	7.08333333333333370e-1	7.97797500514085128e-2	2.56000000000000000e2	4.85092883969785893e-1
1313101975958806204	TEMPORAL_SHARED_L2	1	64	5.00000000000000000e-1	1.17142050482381702e-1	1.02400000000000000e3	4.85220697484751051e-1
1313101975958806204	TEMPORAL_SHARED_L2	2	256	6.25000000000000000e-1	1.01566489390290213e-1	4.09600000000000000e3	4.86354847079981278e-1
1313101975958806204	HIERARCHICAL_DISTINCT_L2	0	16	4.16666666666666644e-2	4.43425745256855741e-1	2.56000000000000000e2	1.93342650269044042e-1
1313101975958806204	HIERARCHICAL_DISTINCT_L2	1	64	2.50000000000000000e-1	2.16123958058128479e-1	1.02400000000000000e3	1.88429074561213383e-1
1313101975958806204	HIERARCHICAL_DISTINCT_L2	2	256	5.41666666666666630e-1	1.09658928310550782e-1	4.09600000000000000e3	1.94360868497569617e-1
